<?xml version="1.0" encoding="UTF-8"?>
<export version="D">
  <design>
    <source>C:/Users/Chip/Downloads/PICKIT/Pickit.sch</source>
    <date>12/27/2015 9:58:10 PM</date>
    <tool>Eeschema 4.0.0-stable</tool>
    <sheet number="1" name="/" tstamps="/">
      <title_block>
        <title>Pickit 3</title>
        <company/>
        <rev>1</rev>
        <date>2015-12-23</date>
        <source>Pickit.sch</source>
        <comment number="1" value=""/>
        <comment number="2" value=""/>
        <comment number="3" value=""/>
        <comment number="4" value=""/>
      </title_block>
    </sheet>
  </design>
  <components>
    <comp ref="U3">
      <value>PIC24FJ256GB106</value>
      <libsource lib="PicKit" part="PIC24FJ256GB106"/>
      <sheetpath names="/" tstamps="/"/>
      <tstamp>567AA37D</tstamp>
    </comp>
    <comp ref="P1">
      <value>CONN_01X06</value>
      <libsource lib="conn" part="CONN_01X06"/>
      <sheetpath names="/" tstamps="/"/>
      <tstamp>567AA570</tstamp>
    </comp>
    <comp ref="R2">
      <value>10K</value>
      <libsource lib="device" part="R"/>
      <sheetpath names="/" tstamps="/"/>
      <tstamp>567AA73B</tstamp>
    </comp>
    <comp ref="R4">
      <value>330</value>
      <libsource lib="device" part="R"/>
      <sheetpath names="/" tstamps="/"/>
      <tstamp>567AA7D5</tstamp>
    </comp>
    <comp ref="P2">
      <value>USB_OTG</value>
      <libsource lib="conn" part="USB_OTG"/>
      <sheetpath names="/" tstamps="/"/>
      <tstamp>567AA9B3</tstamp>
    </comp>
    <comp ref="Y1">
      <value>12MHz</value>
      <libsource lib="device" part="Crystal_Small"/>
      <sheetpath names="/" tstamps="/"/>
      <tstamp>567AAAE8</tstamp>
    </comp>
    <comp ref="U10">
      <value>25LC256</value>
      <libsource lib="PicKit" part="25LC256"/>
      <sheetpath names="/" tstamps="/"/>
      <tstamp>567AAEB3</tstamp>
    </comp>
    <comp ref="U5">
      <value>MCP1525</value>
      <libsource lib="PicKit" part="MCP1525"/>
      <sheetpath names="/" tstamps="/"/>
      <tstamp>567AAF02</tstamp>
    </comp>
    <comp ref="U4">
      <value>MAX893L</value>
      <libsource lib="PicKit" part="MAX893L"/>
      <sheetpath names="/" tstamps="/"/>
      <tstamp>567AB2A2</tstamp>
    </comp>
    <comp ref="U2">
      <value>LTC4411</value>
      <libsource lib="PicKit" part="LTC4411"/>
      <sheetpath names="/" tstamps="/"/>
      <tstamp>567AB485</tstamp>
    </comp>
    <comp ref="U1">
      <value>MCP1727</value>
      <libsource lib="PicKit" part="MCP1727"/>
      <sheetpath names="/" tstamps="/"/>
      <tstamp>567AB5F4</tstamp>
    </comp>
    <comp ref="P3">
      <value>CONN_01X06</value>
      <libsource lib="conn" part="CONN_01X06"/>
      <sheetpath names="/" tstamps="/"/>
      <tstamp>567AB6D6</tstamp>
    </comp>
    <comp ref="R39">
      <value>1k</value>
      <libsource lib="device" part="R"/>
      <sheetpath names="/" tstamps="/"/>
      <tstamp>567ACDFD</tstamp>
    </comp>
    <comp ref="R33">
      <value>4K7</value>
      <libsource lib="device" part="R"/>
      <sheetpath names="/" tstamps="/"/>
      <tstamp>567AE75D</tstamp>
    </comp>
    <comp ref="U6">
      <value>74LVC1T45</value>
      <libsource lib="PicKit" part="74LVC1T45"/>
      <sheetpath names="/" tstamps="/"/>
      <tstamp>567AF469</tstamp>
    </comp>
    <comp ref="R28">
      <value>100</value>
      <libsource lib="device" part="R"/>
      <sheetpath names="/" tstamps="/"/>
      <tstamp>567AF85F</tstamp>
    </comp>
    <comp ref="D7">
      <value>5V</value>
      <libsource lib="device" part="ZENER"/>
      <sheetpath names="/" tstamps="/"/>
      <tstamp>567B00FA</tstamp>
    </comp>
    <comp ref="VR1">
      <value>50mA</value>
      <fields>
        <field name="Part">MICROSMD005F</field>
      </fields>
      <libsource lib="device" part="VR"/>
      <sheetpath names="/" tstamps="/"/>
      <tstamp>567B050E</tstamp>
    </comp>
    <comp ref="C23">
      <value>100n</value>
      <libsource lib="device" part="C"/>
      <sheetpath names="/" tstamps="/"/>
      <tstamp>567B01C5</tstamp>
    </comp>
    <comp ref="C20">
      <value>100n</value>
      <libsource lib="device" part="C"/>
      <sheetpath names="/" tstamps="/"/>
      <tstamp>567B265A</tstamp>
    </comp>
    <comp ref="R20">
      <value>330</value>
      <libsource lib="device" part="R"/>
      <sheetpath names="/" tstamps="/"/>
      <tstamp>567B2E63</tstamp>
    </comp>
    <comp ref="R35">
      <value>4K7</value>
      <libsource lib="device" part="R"/>
      <sheetpath names="/" tstamps="/"/>
      <tstamp>567B503E</tstamp>
    </comp>
    <comp ref="U8">
      <value>74LVC1T45</value>
      <libsource lib="PicKit" part="74LVC1T45"/>
      <sheetpath names="/" tstamps="/"/>
      <tstamp>567B5045</tstamp>
    </comp>
    <comp ref="R30">
      <value>100</value>
      <libsource lib="device" part="R"/>
      <sheetpath names="/" tstamps="/"/>
      <tstamp>567B504E</tstamp>
    </comp>
    <comp ref="D9">
      <value>5V</value>
      <libsource lib="device" part="ZENER"/>
      <sheetpath names="/" tstamps="/"/>
      <tstamp>567B5057</tstamp>
    </comp>
    <comp ref="VR3">
      <value>50mA</value>
      <fields>
        <field name="Part">MICROSMD005F</field>
      </fields>
      <libsource lib="device" part="VR"/>
      <sheetpath names="/" tstamps="/"/>
      <tstamp>567B505F</tstamp>
    </comp>
    <comp ref="C25">
      <value>100n</value>
      <libsource lib="device" part="C"/>
      <sheetpath names="/" tstamps="/"/>
      <tstamp>567B5065</tstamp>
    </comp>
    <comp ref="C22">
      <value>100n</value>
      <libsource lib="device" part="C"/>
      <sheetpath names="/" tstamps="/"/>
      <tstamp>567B5088</tstamp>
    </comp>
    <comp ref="R21">
      <value>330</value>
      <libsource lib="device" part="R"/>
      <sheetpath names="/" tstamps="/"/>
      <tstamp>567B509F</tstamp>
    </comp>
    <comp ref="R34">
      <value>4K7</value>
      <libsource lib="device" part="R"/>
      <sheetpath names="/" tstamps="/"/>
      <tstamp>567B6AED</tstamp>
    </comp>
    <comp ref="U7">
      <value>74LVC1T45</value>
      <libsource lib="PicKit" part="74LVC1T45"/>
      <sheetpath names="/" tstamps="/"/>
      <tstamp>567B6AF4</tstamp>
    </comp>
    <comp ref="R29">
      <value>100</value>
      <libsource lib="device" part="R"/>
      <sheetpath names="/" tstamps="/"/>
      <tstamp>567B6AFD</tstamp>
    </comp>
    <comp ref="D8">
      <value>5V</value>
      <libsource lib="device" part="ZENER"/>
      <sheetpath names="/" tstamps="/"/>
      <tstamp>567B6B06</tstamp>
    </comp>
    <comp ref="VR2">
      <value>50mA</value>
      <fields>
        <field name="Part">MICROSMD005F</field>
      </fields>
      <libsource lib="device" part="VR"/>
      <sheetpath names="/" tstamps="/"/>
      <tstamp>567B6B0E</tstamp>
    </comp>
    <comp ref="C24">
      <value>100n</value>
      <libsource lib="device" part="C"/>
      <sheetpath names="/" tstamps="/"/>
      <tstamp>567B6B14</tstamp>
    </comp>
    <comp ref="C21">
      <value>100n</value>
      <libsource lib="device" part="C"/>
      <sheetpath names="/" tstamps="/"/>
      <tstamp>567B6B37</tstamp>
    </comp>
    <comp ref="R18">
      <value>330</value>
      <libsource lib="device" part="R"/>
      <sheetpath names="/" tstamps="/"/>
      <tstamp>567B6B4E</tstamp>
    </comp>
    <comp ref="R19">
      <value>330</value>
      <libsource lib="device" part="R"/>
      <sheetpath names="/" tstamps="/"/>
      <tstamp>567B8D34</tstamp>
    </comp>
    <comp ref="C32">
      <value>100n</value>
      <libsource lib="device" part="C"/>
      <sheetpath names="/" tstamps="/"/>
      <tstamp>567BC08C</tstamp>
    </comp>
    <comp ref="R43">
      <value>10K</value>
      <libsource lib="device" part="R"/>
      <sheetpath names="/" tstamps="/"/>
      <tstamp>567BC23E</tstamp>
    </comp>
    <comp ref="R42">
      <value>1K</value>
      <libsource lib="device" part="R"/>
      <sheetpath names="/" tstamps="/"/>
      <tstamp>567BC421</tstamp>
    </comp>
    <comp ref="C15">
      <value>100n</value>
      <libsource lib="device" part="C"/>
      <sheetpath names="/" tstamps="/"/>
      <tstamp>567C5758</tstamp>
    </comp>
    <comp ref="C17">
      <value>2u2</value>
      <libsource lib="device" part="CP1"/>
      <sheetpath names="/" tstamps="/"/>
      <tstamp>567C78E9</tstamp>
    </comp>
    <comp ref="R3">
      <value>10k</value>
      <libsource lib="device" part="R"/>
      <sheetpath names="/" tstamps="/"/>
      <tstamp>567C8D98</tstamp>
    </comp>
    <comp ref="R7">
      <value>2k 1%</value>
      <libsource lib="device" part="R"/>
      <sheetpath names="/" tstamps="/"/>
      <tstamp>567C9B8A</tstamp>
    </comp>
    <comp ref="R8">
      <value>2k 1%</value>
      <libsource lib="device" part="R"/>
      <sheetpath names="/" tstamps="/"/>
      <tstamp>567C9D0F</tstamp>
    </comp>
    <comp ref="C6">
      <value>4u7</value>
      <libsource lib="device" part="C"/>
      <sheetpath names="/" tstamps="/"/>
      <tstamp>567C9E29</tstamp>
    </comp>
    <comp ref="R1">
      <value>1k</value>
      <libsource lib="device" part="R"/>
      <sheetpath names="/" tstamps="/"/>
      <tstamp>567CCCF4</tstamp>
    </comp>
    <comp ref="D1">
      <value>MBR0520L</value>
      <libsource lib="device" part="D_Schottky"/>
      <sheetpath names="/" tstamps="/"/>
      <tstamp>567D7D25</tstamp>
    </comp>
    <comp ref="C1">
      <value>2u2</value>
      <libsource lib="device" part="CP1"/>
      <sheetpath names="/" tstamps="/"/>
      <tstamp>567D7E02</tstamp>
    </comp>
    <comp ref="C9">
      <value>2u2</value>
      <libsource lib="device" part="CP1"/>
      <sheetpath names="/" tstamps="/"/>
      <tstamp>567D7F73</tstamp>
    </comp>
    <comp ref="C7">
      <value>10n</value>
      <libsource lib="device" part="C"/>
      <sheetpath names="/" tstamps="/"/>
      <tstamp>567D804B</tstamp>
    </comp>
    <comp ref="C5">
      <value>100n</value>
      <libsource lib="device" part="C"/>
      <sheetpath names="/" tstamps="/"/>
      <tstamp>567D8182</tstamp>
    </comp>
    <comp ref="R5">
      <value>200K</value>
      <libsource lib="device" part="R"/>
      <sheetpath names="/" tstamps="/"/>
      <tstamp>567D824E</tstamp>
    </comp>
    <comp ref="R10">
      <value>2k2</value>
      <libsource lib="device" part="R"/>
      <sheetpath names="/" tstamps="/"/>
      <tstamp>567D83AB</tstamp>
    </comp>
    <comp ref="R11">
      <value>330</value>
      <libsource lib="device" part="R"/>
      <sheetpath names="/" tstamps="/"/>
      <tstamp>567D8530</tstamp>
    </comp>
    <comp ref="D5">
      <value>GREEN</value>
      <libsource lib="device" part="LED"/>
      <sheetpath names="/" tstamps="/"/>
      <tstamp>567D85F8</tstamp>
    </comp>
    <comp ref="R15">
      <value>10k</value>
      <libsource lib="device" part="R"/>
      <sheetpath names="/" tstamps="/"/>
      <tstamp>567E7B7D</tstamp>
    </comp>
    <comp ref="R16">
      <value>27K</value>
      <libsource lib="device" part="R"/>
      <sheetpath names="/" tstamps="/"/>
      <tstamp>567E7D18</tstamp>
    </comp>
    <comp ref="R22">
      <value>2K2</value>
      <libsource lib="device" part="R"/>
      <sheetpath names="/" tstamps="/"/>
      <tstamp>567E7F40</tstamp>
    </comp>
    <comp ref="R25">
      <value>3K9</value>
      <libsource lib="device" part="R"/>
      <sheetpath names="/" tstamps="/"/>
      <tstamp>567E8102</tstamp>
    </comp>
    <comp ref="R26">
      <value>1K</value>
      <libsource lib="device" part="R"/>
      <sheetpath names="/" tstamps="/"/>
      <tstamp>567E8FC1</tstamp>
    </comp>
    <comp ref="R31">
      <value>10K</value>
      <libsource lib="device" part="R"/>
      <sheetpath names="/" tstamps="/"/>
      <tstamp>567E94CF</tstamp>
    </comp>
    <comp ref="R27">
      <value>47K</value>
      <libsource lib="device" part="R"/>
      <sheetpath names="/" tstamps="/"/>
      <tstamp>567E9670</tstamp>
    </comp>
    <comp ref="R37">
      <value>10K</value>
      <libsource lib="device" part="R"/>
      <sheetpath names="/" tstamps="/"/>
      <tstamp>567E97C2</tstamp>
    </comp>
    <comp ref="C14">
      <value>1u</value>
      <libsource lib="device" part="C"/>
      <sheetpath names="/" tstamps="/"/>
      <tstamp>567E9CEB</tstamp>
    </comp>
    <comp ref="C18">
      <value>100n</value>
      <libsource lib="device" part="C"/>
      <sheetpath names="/" tstamps="/"/>
      <tstamp>567E9FCA</tstamp>
    </comp>
    <comp ref="D6">
      <value>PMEG3020</value>
      <libsource lib="device" part="D_Schottky"/>
      <sheetpath names="/" tstamps="/"/>
      <tstamp>567EA4E1</tstamp>
    </comp>
    <comp ref="U9">
      <value>MCP601_8PIN</value>
      <libsource lib="PicKit" part="MCP601_8PIN"/>
      <sheetpath names="/" tstamps="/"/>
      <tstamp>567FBBC1</tstamp>
    </comp>
    <comp ref="R23">
      <value>10k</value>
      <libsource lib="device" part="R"/>
      <sheetpath names="/" tstamps="/"/>
      <tstamp>567FBEE7</tstamp>
    </comp>
    <comp ref="R24">
      <value>10k</value>
      <libsource lib="device" part="R"/>
      <sheetpath names="/" tstamps="/"/>
      <tstamp>567FC68A</tstamp>
    </comp>
    <comp ref="R17">
      <value>10k</value>
      <libsource lib="device" part="R"/>
      <sheetpath names="/" tstamps="/"/>
      <tstamp>567FC7E0</tstamp>
    </comp>
    <comp ref="C19">
      <value>100n</value>
      <libsource lib="device" part="C"/>
      <sheetpath names="/" tstamps="/"/>
      <tstamp>567FCBE1</tstamp>
    </comp>
    <comp ref="C27">
      <value>100n</value>
      <libsource lib="device" part="C"/>
      <sheetpath names="/" tstamps="/"/>
      <tstamp>567FCE35</tstamp>
    </comp>
    <comp ref="R32">
      <value>100</value>
      <libsource lib="device" part="R"/>
      <sheetpath names="/" tstamps="/"/>
      <tstamp>567FD0EA</tstamp>
    </comp>
    <comp ref="C28">
      <value>100n</value>
      <libsource lib="device" part="C"/>
      <sheetpath names="/" tstamps="/"/>
      <tstamp>567FE9E4</tstamp>
    </comp>
    <comp ref="R36">
      <value>2K7</value>
      <libsource lib="device" part="R"/>
      <sheetpath names="/" tstamps="/"/>
      <tstamp>567FEBBD</tstamp>
    </comp>
    <comp ref="R38">
      <value>10k</value>
      <libsource lib="device" part="R"/>
      <sheetpath names="/" tstamps="/"/>
      <tstamp>567FEDBF</tstamp>
    </comp>
    <comp ref="Q4">
      <value>PMV48XP</value>
      <libsource lib="device" part="Q_PMOS_GSD"/>
      <sheetpath names="/" tstamps="/"/>
      <tstamp>567FF612</tstamp>
    </comp>
    <comp ref="C29">
      <value>10uF</value>
      <libsource lib="device" part="CP1"/>
      <sheetpath names="/" tstamps="/"/>
      <tstamp>56829583</tstamp>
    </comp>
    <comp ref="C30">
      <value>100n</value>
      <libsource lib="device" part="C"/>
      <sheetpath names="/" tstamps="/"/>
      <tstamp>56829718</tstamp>
    </comp>
    <comp ref="L1">
      <value>680uH</value>
      <libsource lib="device" part="INDUCTOR"/>
      <sheetpath names="/" tstamps="/"/>
      <tstamp>56829878</tstamp>
    </comp>
    <comp ref="D10">
      <value>BAT54</value>
      <libsource lib="device" part="D_Schottky"/>
      <sheetpath names="/" tstamps="/"/>
      <tstamp>56829A5A</tstamp>
    </comp>
    <comp ref="R40">
      <value>1K</value>
      <libsource lib="device" part="R"/>
      <sheetpath names="/" tstamps="/"/>
      <tstamp>56829C72</tstamp>
    </comp>
    <comp ref="R45">
      <value>10K</value>
      <libsource lib="device" part="R"/>
      <sheetpath names="/" tstamps="/"/>
      <tstamp>5682A216</tstamp>
    </comp>
    <comp ref="R46">
      <value>2K2</value>
      <libsource lib="device" part="R"/>
      <sheetpath names="/" tstamps="/"/>
      <tstamp>5682A3D9</tstamp>
    </comp>
    <comp ref="R49">
      <value>100K</value>
      <libsource lib="device" part="R"/>
      <sheetpath names="/" tstamps="/"/>
      <tstamp>5682A7E7</tstamp>
    </comp>
    <comp ref="R50">
      <value>10K</value>
      <libsource lib="device" part="R"/>
      <sheetpath names="/" tstamps="/"/>
      <tstamp>5682A7ED</tstamp>
    </comp>
    <comp ref="C31">
      <value>47uF</value>
      <libsource lib="device" part="CP1"/>
      <sheetpath names="/" tstamps="/"/>
      <tstamp>5682A8AB</tstamp>
    </comp>
    <comp ref="R47">
      <value>10K</value>
      <libsource lib="device" part="R"/>
      <sheetpath names="/" tstamps="/"/>
      <tstamp>5682AA94</tstamp>
    </comp>
    <comp ref="R48">
      <value>10K</value>
      <libsource lib="device" part="R"/>
      <sheetpath names="/" tstamps="/"/>
      <tstamp>5682AD1A</tstamp>
    </comp>
    <comp ref="R51">
      <value>100</value>
      <libsource lib="device" part="R"/>
      <sheetpath names="/" tstamps="/"/>
      <tstamp>5682B2DE</tstamp>
    </comp>
    <comp ref="C8">
      <value>10uF</value>
      <libsource lib="device" part="C"/>
      <sheetpath names="/" tstamps="/"/>
      <tstamp>56851176</tstamp>
    </comp>
    <comp ref="C2">
      <value>100n</value>
      <libsource lib="device" part="C"/>
      <sheetpath names="/" tstamps="/"/>
      <tstamp>56874D55</tstamp>
    </comp>
    <comp ref="C10">
      <value>100n</value>
      <libsource lib="device" part="C_Small"/>
      <sheetpath names="/" tstamps="/"/>
      <tstamp>5687F949</tstamp>
    </comp>
    <comp ref="C3">
      <value>1u</value>
      <libsource lib="device" part="C_Small"/>
      <sheetpath names="/" tstamps="/"/>
      <tstamp>56886147</tstamp>
    </comp>
    <comp ref="C4">
      <value>100n</value>
      <libsource lib="device" part="C_Small"/>
      <sheetpath names="/" tstamps="/"/>
      <tstamp>568862EE</tstamp>
    </comp>
    <comp ref="D4">
      <value>RED</value>
      <libsource lib="device" part="LED"/>
      <sheetpath names="/" tstamps="/"/>
      <tstamp>568969F6</tstamp>
    </comp>
    <comp ref="D2">
      <value>YELLOW</value>
      <libsource lib="device" part="LED"/>
      <sheetpath names="/" tstamps="/"/>
      <tstamp>56896BFE</tstamp>
    </comp>
    <comp ref="D3">
      <value>ORANGE</value>
      <libsource lib="device" part="LED"/>
      <sheetpath names="/" tstamps="/"/>
      <tstamp>56896DAA</tstamp>
    </comp>
    <comp ref="R12">
      <value>470</value>
      <libsource lib="device" part="R"/>
      <sheetpath names="/" tstamps="/"/>
      <tstamp>5689A45E</tstamp>
    </comp>
    <comp ref="R13">
      <value>470</value>
      <libsource lib="device" part="R"/>
      <sheetpath names="/" tstamps="/"/>
      <tstamp>5689AAD5</tstamp>
    </comp>
    <comp ref="R14">
      <value>470</value>
      <libsource lib="device" part="R"/>
      <sheetpath names="/" tstamps="/"/>
      <tstamp>5689AC82</tstamp>
    </comp>
    <comp ref="R6">
      <value>33</value>
      <libsource lib="device" part="R"/>
      <sheetpath names="/" tstamps="/"/>
      <tstamp>5689F00A</tstamp>
    </comp>
    <comp ref="SW1">
      <value>SW_PUSH</value>
      <libsource lib="device" part="SW_PUSH"/>
      <sheetpath names="/" tstamps="/"/>
      <tstamp>568A5FF2</tstamp>
    </comp>
    <comp ref="R9">
      <value>10K</value>
      <libsource lib="device" part="R"/>
      <sheetpath names="/" tstamps="/"/>
      <tstamp>568A7E9D</tstamp>
    </comp>
    <comp ref="C11">
      <value>100n</value>
      <libsource lib="device" part="C_Small"/>
      <sheetpath names="/" tstamps="/"/>
      <tstamp>568A806F</tstamp>
    </comp>
    <comp ref="C13">
      <value>22p</value>
      <libsource lib="device" part="C_Small"/>
      <sheetpath names="/" tstamps="/"/>
      <tstamp>568C1429</tstamp>
    </comp>
    <comp ref="C16">
      <value>22p</value>
      <libsource lib="device" part="C_Small"/>
      <sheetpath names="/" tstamps="/"/>
      <tstamp>568C15EB</tstamp>
    </comp>
    <comp ref="C12">
      <value>100n</value>
      <libsource lib="device" part="C_Small"/>
      <sheetpath names="/" tstamps="/"/>
      <tstamp>568D2467</tstamp>
    </comp>
    <comp ref="Q7">
      <value>MMBT3906</value>
      <libsource lib="device" part="Q_PNP_BEC"/>
      <sheetpath names="/" tstamps="/"/>
      <tstamp>567B1EC6</tstamp>
    </comp>
    <comp ref="Q8">
      <value>MMBT3904</value>
      <libsource lib="device" part="Q_NPN_BEC"/>
      <sheetpath names="/" tstamps="/"/>
      <tstamp>567B25A2</tstamp>
    </comp>
    <comp ref="Q6">
      <value>MMBT3904</value>
      <libsource lib="device" part="Q_NPN_BEC"/>
      <sheetpath names="/" tstamps="/"/>
      <tstamp>567B7341</tstamp>
    </comp>
    <comp ref="Q5">
      <value>MMBT3904</value>
      <libsource lib="device" part="Q_NPN_BEC"/>
      <sheetpath names="/" tstamps="/"/>
      <tstamp>567B9885</tstamp>
    </comp>
    <comp ref="Q3">
      <value>MMBT3906</value>
      <libsource lib="device" part="Q_PNP_BEC"/>
      <sheetpath names="/" tstamps="/"/>
      <tstamp>567BDD3E</tstamp>
    </comp>
    <comp ref="Q2">
      <value>MMBT3904</value>
      <libsource lib="device" part="Q_NPN_BEC"/>
      <sheetpath names="/" tstamps="/"/>
      <tstamp>567BFEDB</tstamp>
    </comp>
    <comp ref="Q1">
      <value>MMBT3904</value>
      <libsource lib="device" part="Q_NPN_BEC"/>
      <sheetpath names="/" tstamps="/"/>
      <tstamp>567C6F62</tstamp>
    </comp>
    <comp ref="U11">
      <value>SST25VF040B</value>
      <libsource lib="PicKit" part="25LC256"/>
      <sheetpath names="/" tstamps="/"/>
      <tstamp>5683DE2F</tstamp>
    </comp>
    <comp ref="C33">
      <value>100n</value>
      <libsource lib="device" part="C"/>
      <sheetpath names="/" tstamps="/"/>
      <tstamp>5683DE35</tstamp>
    </comp>
    <comp ref="R44">
      <value>10K</value>
      <libsource lib="device" part="R"/>
      <sheetpath names="/" tstamps="/"/>
      <tstamp>5683DE3B</tstamp>
    </comp>
    <comp ref="R41">
      <value>1K</value>
      <libsource lib="device" part="R"/>
      <sheetpath names="/" tstamps="/"/>
      <tstamp>5683DE41</tstamp>
    </comp>
    <comp ref="C26">
      <value>10uF</value>
      <libsource lib="device" part="CP1"/>
      <sheetpath names="/" tstamps="/"/>
      <tstamp>567F44F3</tstamp>
    </comp>
  </components>
  <libparts>
    <libpart lib="PicKit" part="25LC256">
      <fields>
        <field name="Reference">U</field>
        <field name="Value">25LC256</field>
      </fields>
      <pins>
        <pin num="1" name="~CS" type="BiDi"/>
        <pin num="2" name="SDO" type="output"/>
        <pin num="3" name="~WP" type="BiDi"/>
        <pin num="4" name="GND" type="power_in"/>
        <pin num="5" name="SDI" type="input"/>
        <pin num="6" name="SCK" type="BiDi"/>
        <pin num="7" name="~HOLD" type="BiDi"/>
        <pin num="8" name="VDD" type="power_in"/>
      </pins>
    </libpart>
    <libpart lib="PicKit" part="74LVC1T45">
      <fields>
        <field name="Reference">U</field>
        <field name="Value">74LVC1T45</field>
      </fields>
      <pins>
        <pin num="1" name="VCCA" type="power_in"/>
        <pin num="2" name="GND" type="power_in"/>
        <pin num="3" name="A" type="BiDi"/>
        <pin num="4" name="B" type="BiDi"/>
        <pin num="5" name="DIR" type="BiDi"/>
        <pin num="6" name="VCCB" type="power_in"/>
      </pins>
    </libpart>
    <libpart lib="device" part="C">
      <description>Unpolarized capacitor</description>
      <footprints>
        <fp>C?</fp>
        <fp>C_????_*</fp>
        <fp>C_????</fp>
        <fp>SMD*_c</fp>
        <fp>Capacitor*</fp>
      </footprints>
      <fields>
        <field name="Reference">C</field>
        <field name="Value">C</field>
      </fields>
      <pins>
        <pin num="1" name="~" type="passive"/>
        <pin num="2" name="~" type="passive"/>
      </pins>
    </libpart>
    <libpart lib="conn" part="CONN_01X06">
      <description>Connector 01x06</description>
      <footprints>
        <fp>Pin_Header_Straight_1X06</fp>
        <fp>Pin_Header_Angled_1X06</fp>
        <fp>Socket_Strip_Straight_1X06</fp>
        <fp>Socket_Strip_Angled_1X06</fp>
      </footprints>
      <fields>
        <field name="Reference">P</field>
        <field name="Value">CONN_01X06</field>
      </fields>
      <pins>
        <pin num="1" name="P1" type="passive"/>
        <pin num="2" name="P2" type="passive"/>
        <pin num="3" name="P3" type="passive"/>
        <pin num="4" name="P4" type="passive"/>
        <pin num="5" name="P5" type="passive"/>
        <pin num="6" name="P6" type="passive"/>
      </pins>
    </libpart>
    <libpart lib="device" part="CP1">
      <description>Polarised capacitor</description>
      <footprints>
        <fp>SMD*_Pol</fp>
        <fp>c_elec*</fp>
        <fp>C*elec</fp>
        <fp>TantalC*</fp>
        <fp>Elko*</fp>
        <fp>CP*</fp>
      </footprints>
      <fields>
        <field name="Reference">C</field>
        <field name="Value">CP1</field>
      </fields>
      <pins>
        <pin num="1" name="~" type="passive"/>
        <pin num="2" name="~" type="passive"/>
      </pins>
    </libpart>
    <libpart lib="device" part="C_Small">
      <description>Unpolarized capacitor</description>
      <footprints>
        <fp>C?</fp>
        <fp>C_????_*</fp>
        <fp>C_????</fp>
        <fp>SMD*_c</fp>
        <fp>Capacitor*</fp>
      </footprints>
      <fields>
        <field name="Reference">C</field>
        <field name="Value">C_Small</field>
      </fields>
      <pins>
        <pin num="1" name="~" type="passive"/>
        <pin num="2" name="~" type="passive"/>
      </pins>
    </libpart>
    <libpart lib="device" part="Crystal_Small">
      <description>Two pin crystal</description>
      <footprints>
        <fp>Crystal_</fp>
      </footprints>
      <fields>
        <field name="Reference">Y</field>
        <field name="Value">Crystal_Small</field>
      </fields>
      <pins>
        <pin num="1" name="1" type="passive"/>
        <pin num="2" name="2" type="passive"/>
      </pins>
    </libpart>
    <libpart lib="device" part="D_Schottky">
      <description>Diode schottky</description>
      <footprints>
        <fp>D-Pak_TO252AA</fp>
        <fp>Diode_*</fp>
        <fp>*SingleDiode</fp>
        <fp>*SingleDiode*</fp>
        <fp>*_Diode_*</fp>
      </footprints>
      <fields>
        <field name="Reference">D</field>
        <field name="Value">D_Schottky</field>
      </fields>
      <pins>
        <pin num="1" name="K" type="passive"/>
        <pin num="2" name="A" type="passive"/>
      </pins>
    </libpart>
    <libpart lib="device" part="INDUCTOR">
      <fields>
        <field name="Reference">L</field>
        <field name="Value">INDUCTOR</field>
      </fields>
      <pins>
        <pin num="1" name="1" type="passive"/>
        <pin num="2" name="2" type="passive"/>
      </pins>
    </libpart>
    <libpart lib="device" part="LED">
      <footprints>
        <fp>LED-3MM</fp>
        <fp>LED-5MM</fp>
        <fp>LED-10MM</fp>
        <fp>LED-0603</fp>
        <fp>LED-0805</fp>
        <fp>LED-1206</fp>
        <fp>LEDV</fp>
      </footprints>
      <fields>
        <field name="Reference">D</field>
        <field name="Value">LED</field>
      </fields>
      <pins>
        <pin num="1" name="K" type="passive"/>
        <pin num="2" name="A" type="passive"/>
      </pins>
    </libpart>
    <libpart lib="PicKit" part="LTC4411">
      <fields>
        <field name="Reference">U</field>
        <field name="Value">LTC4411</field>
      </fields>
      <pins>
        <pin num="1" name="IN" type="power_in"/>
        <pin num="2" name="GND" type="power_in"/>
        <pin num="3" name="~CTL" type="BiDi"/>
        <pin num="4" name="STAT" type="BiDi"/>
        <pin num="5" name="OUT" type="power_out"/>
      </pins>
    </libpart>
    <libpart lib="PicKit" part="MAX893L">
      <fields>
        <field name="Reference">U</field>
        <field name="Value">MAX893L</field>
      </fields>
      <pins>
        <pin num="1" name="IN" type="power_in"/>
        <pin num="2" name="IN" type="power_in"/>
        <pin num="3" name="~ON" type="BiDi"/>
        <pin num="4" name="GND" type="power_in"/>
        <pin num="5" name="SET" type="BiDi"/>
        <pin num="6" name="OUT" type="power_out"/>
        <pin num="7" name="OUT" type="power_out"/>
        <pin num="8" name="~FAULT" type="BiDi"/>
      </pins>
    </libpart>
    <libpart lib="PicKit" part="MCP1525">
      <fields>
        <field name="Reference">U</field>
        <field name="Value">MCP1525</field>
      </fields>
      <pins>
        <pin num="1" name="Vin" type="power_in"/>
        <pin num="2" name="Vout" type="power_out"/>
        <pin num="3" name="GND" type="power_in"/>
      </pins>
    </libpart>
    <libpart lib="PicKit" part="MCP1727">
      <fields>
        <field name="Reference">U</field>
        <field name="Value">MCP1727</field>
      </fields>
      <pins>
        <pin num="1" name="VIN" type="power_in"/>
        <pin num="2" name="VIN" type="power_in"/>
        <pin num="3" name="~SHDWN" type="BiDi"/>
        <pin num="4" name="GND" type="power_in"/>
        <pin num="5" name="PWRGOOD" type="power_in"/>
        <pin num="6" name="CDEL" type="BiDi"/>
        <pin num="7" name="SENSE" type="BiDi"/>
        <pin num="8" name="VOUT" type="power_out"/>
      </pins>
    </libpart>
    <libpart lib="PicKit" part="MCP601_8PIN">
      <fields>
        <field name="Reference">U</field>
        <field name="Value">MCP601_8PIN</field>
      </fields>
      <pins>
        <pin num="1" name="NC" type="NotConnected"/>
        <pin num="2" name="VIN-" type="BiDi"/>
        <pin num="3" name="VIN+" type="BiDi"/>
        <pin num="4" name="VSS" type="power_in"/>
        <pin num="5" name="NC" type="NotConnected"/>
        <pin num="6" name="VOUT" type="BiDi"/>
        <pin num="7" name="VDD" type="power_in"/>
        <pin num="8" name="NC" type="NotConnected"/>
      </pins>
    </libpart>
    <libpart lib="PicKit" part="PIC24FJ256GB106">
      <fields>
        <field name="Reference">U</field>
        <field name="Value">PIC24FJ256GB106</field>
      </fields>
      <pins>
        <pin num="1" name="RE5" type="BiDi"/>
        <pin num="2" name="RE6" type="BiDi"/>
        <pin num="3" name="RE7" type="BiDi"/>
        <pin num="4" name="RG6" type="BiDi"/>
        <pin num="5" name="RG7" type="BiDi"/>
        <pin num="6" name="RG8" type="BiDi"/>
        <pin num="7" name="~MCLR" type="BiDi"/>
        <pin num="8" name="RG9" type="BiDi"/>
        <pin num="9" name="VSS" type="power_in"/>
        <pin num="10" name="VDD" type="power_in"/>
        <pin num="11" name="RB5" type="BiDi"/>
        <pin num="12" name="RB4" type="BiDi"/>
        <pin num="13" name="RB3" type="BiDi"/>
        <pin num="14" name="RB2" type="BiDi"/>
        <pin num="15" name="RB1" type="BiDi"/>
        <pin num="16" name="RB0" type="BiDi"/>
        <pin num="17" name="RB6" type="BiDi"/>
        <pin num="18" name="RB7" type="BiDi"/>
        <pin num="19" name="AVDD" type="power_in"/>
        <pin num="20" name="VSS" type="power_in"/>
        <pin num="21" name="RB8" type="BiDi"/>
        <pin num="22" name="RB9" type="BiDi"/>
        <pin num="23" name="RB10" type="BiDi"/>
        <pin num="24" name="RB11" type="BiDi"/>
        <pin num="25" name="VSS" type="power_in"/>
        <pin num="26" name="VDD" type="power_in"/>
        <pin num="27" name="RB12" type="BiDi"/>
        <pin num="28" name="RB13" type="BiDi"/>
        <pin num="29" name="RB14" type="BiDi"/>
        <pin num="30" name="RB15" type="BiDi"/>
        <pin num="31" name="RF4" type="BiDi"/>
        <pin num="32" name="RF5" type="BiDi"/>
        <pin num="33" name="RF3" type="BiDi"/>
        <pin num="34" name="VBUS" type="BiDi"/>
        <pin num="35" name="VUSB" type="BiDi"/>
        <pin num="36" name="D-" type="BiDi"/>
        <pin num="37" name="D+" type="BiDi"/>
        <pin num="38" name="VDD" type="power_in"/>
        <pin num="39" name="OSC1" type="BiDi"/>
        <pin num="40" name="OSC2" type="BiDi"/>
        <pin num="41" name="VSS" type="power_in"/>
        <pin num="42" name="RD8" type="BiDi"/>
        <pin num="43" name="RD9" type="BiDi"/>
        <pin num="44" name="RD10" type="BiDi"/>
        <pin num="45" name="RD11" type="BiDi"/>
        <pin num="46" name="RD0" type="BiDi"/>
        <pin num="47" name="RC13" type="BiDi"/>
        <pin num="48" name="RC14" type="BiDi"/>
        <pin num="49" name="RD1" type="BiDi"/>
        <pin num="50" name="RD2" type="BiDi"/>
        <pin num="51" name="RD3" type="BiDi"/>
        <pin num="52" name="RD4" type="BiDi"/>
        <pin num="53" name="RD5" type="BiDi"/>
        <pin num="54" name="RD6" type="BiDi"/>
        <pin num="55" name="RD7" type="BiDi"/>
        <pin num="56" name="VDD_CORE" type="BiDi"/>
        <pin num="57" name="ENVREG" type="BiDi"/>
        <pin num="58" name="RF0" type="BiDi"/>
        <pin num="59" name="RF1" type="BiDi"/>
        <pin num="60" name="RE0" type="BiDi"/>
        <pin num="61" name="RE1" type="BiDi"/>
        <pin num="62" name="RE2" type="BiDi"/>
        <pin num="63" name="RE3" type="BiDi"/>
        <pin num="64" name="RE4" type="BiDi"/>
      </pins>
    </libpart>
    <libpart lib="device" part="Q_NPN_BEC">
      <description>Transistor NPN (general)</description>
      <fields>
        <field name="Reference">Q</field>
        <field name="Value">Q_NPN_BEC</field>
      </fields>
      <pins>
        <pin num="1" name="B" type="input"/>
        <pin num="2" name="E" type="passive"/>
        <pin num="3" name="C" type="passive"/>
      </pins>
    </libpart>
    <libpart lib="device" part="Q_PMOS_GSD">
      <description>Transistor P-MOSFET (general)</description>
      <fields>
        <field name="Reference">Q</field>
        <field name="Value">Q_PMOS_GSD</field>
      </fields>
      <pins>
        <pin num="1" name="G" type="input"/>
        <pin num="2" name="S" type="passive"/>
        <pin num="3" name="D" type="passive"/>
      </pins>
    </libpart>
    <libpart lib="device" part="Q_PNP_BEC">
      <description>Transistor PNP (general)</description>
      <fields>
        <field name="Reference">Q</field>
        <field name="Value">Q_PNP_BEC</field>
      </fields>
      <pins>
        <pin num="1" name="B" type="input"/>
        <pin num="2" name="E" type="passive"/>
        <pin num="3" name="C" type="passive"/>
      </pins>
    </libpart>
    <libpart lib="device" part="R">
      <description>Resistor</description>
      <footprints>
        <fp>R_*</fp>
        <fp>Resistor_*</fp>
      </footprints>
      <fields>
        <field name="Reference">R</field>
        <field name="Value">R</field>
      </fields>
      <pins>
        <pin num="1" name="~" type="passive"/>
        <pin num="2" name="~" type="passive"/>
      </pins>
    </libpart>
    <libpart lib="device" part="SW_PUSH">
      <description>Button</description>
      <fields>
        <field name="Reference">SW</field>
        <field name="Value">SW_PUSH</field>
      </fields>
      <pins>
        <pin num="1" name="1" type="passive"/>
        <pin num="2" name="2" type="passive"/>
      </pins>
    </libpart>
    <libpart lib="conn" part="USB_OTG">
      <description>micro/mini connector</description>
      <footprints>
        <fp>USB*</fp>
      </footprints>
      <fields>
        <field name="Reference">P</field>
        <field name="Value">USB_OTG</field>
      </fields>
      <pins>
        <pin num="1" name="VCC" type="power_out"/>
        <pin num="2" name="D-" type="passive"/>
        <pin num="3" name="D+" type="passive"/>
        <pin num="4" name="ID" type="power_in"/>
        <pin num="5" name="GND" type="power_in"/>
        <pin num="6" name="shield" type="passive"/>
      </pins>
    </libpart>
    <libpart lib="device" part="VR">
      <description>VARISTANCE</description>
      <fields>
        <field name="Reference">VR</field>
        <field name="Value">VR</field>
      </fields>
      <pins>
        <pin num="1" name="~" type="passive"/>
        <pin num="2" name="~" type="passive"/>
      </pins>
    </libpart>
    <libpart lib="device" part="ZENER">
      <description>Diode zener</description>
      <footprints>
        <fp>D?</fp>
        <fp>SO*</fp>
        <fp>SM*</fp>
      </footprints>
      <fields>
        <field name="Reference">D</field>
        <field name="Value">ZENER</field>
      </fields>
      <pins>
        <pin num="1" name="K" type="passive"/>
        <pin num="2" name="A" type="passive"/>
      </pins>
    </libpart>
  </libparts>
  <libraries>
    <library logical="device">
      <uri>C:\Program Files\KiCad\share\kicad\library\device.lib</uri>
    </library>
    <library logical="conn">
      <uri>C:\Program Files\KiCad\share\kicad\library\conn.lib</uri>
    </library>
    <library logical="PicKit">
      <uri>C:\Users\Chip\Documents\My Kicad Symbols\PicKit.lib</uri>
    </library>
  </libraries>
  <nets>
    <net code="1" name="VPP_PUMP">
      <node ref="R40" pin="2"/>
      <node ref="U3" pin="11"/>
      <node ref="U3" pin="11"/>
      <node ref="U3" pin="11"/>
      <node ref="U3" pin="11"/>
      <node ref="U3" pin="11"/>
      <node ref="U3" pin="11"/>
      <node ref="U3" pin="11"/>
    </net>
    <net code="2" name="Net-(Q8-Pad3)">
      <node ref="Q8" pin="3"/>
      <node ref="R51" pin="2"/>
    </net>
    <net code="3" name="Net-(Q8-Pad1)">
      <node ref="R48" pin="2"/>
      <node ref="Q8" pin="1"/>
    </net>
    <net code="4" name="VPP_GND">
      <node ref="U3" pin="2"/>
      <node ref="U3" pin="2"/>
      <node ref="U3" pin="2"/>
      <node ref="U3" pin="2"/>
      <node ref="U3" pin="2"/>
      <node ref="U3" pin="2"/>
      <node ref="U3" pin="2"/>
      <node ref="R48" pin="1"/>
    </net>
    <net code="5" name="Net-(Q6-Pad1)">
      <node ref="Q6" pin="1"/>
      <node ref="R47" pin="2"/>
    </net>
    <net code="6" name="VPP_ON">
      <node ref="U3" pin="1"/>
      <node ref="R47" pin="1"/>
      <node ref="U3" pin="1"/>
      <node ref="U3" pin="1"/>
      <node ref="U3" pin="1"/>
      <node ref="U3" pin="1"/>
      <node ref="U3" pin="1"/>
      <node ref="U3" pin="1"/>
    </net>
    <net code="7" name="Net-(C31-Pad1)">
      <node ref="D10" pin="1"/>
      <node ref="R49" pin="1"/>
      <node ref="C31" pin="1"/>
      <node ref="R45" pin="1"/>
      <node ref="Q7" pin="2"/>
    </net>
    <net code="8" name="VPP_FBACK">
      <node ref="U3" pin="13"/>
      <node ref="U3" pin="13"/>
      <node ref="U3" pin="13"/>
      <node ref="U3" pin="13"/>
      <node ref="U3" pin="13"/>
      <node ref="R45" pin="2"/>
      <node ref="R46" pin="1"/>
      <node ref="U3" pin="13"/>
      <node ref="U3" pin="13"/>
    </net>
    <net code="9" name="Net-(D10-Pad2)">
      <node ref="Q5" pin="3"/>
      <node ref="L1" pin="2"/>
      <node ref="D10" pin="2"/>
    </net>
    <net code="10" name="Net-(Q5-Pad1)">
      <node ref="R40" pin="1"/>
      <node ref="Q5" pin="1"/>
    </net>
    <net code="11" name="+5V">
      <node ref="C6" pin="1"/>
      <node ref="U5" pin="1"/>
      <node ref="R7" pin="1"/>
      <node ref="U9" pin="7"/>
      <node ref="U2" pin="5"/>
      <node ref="C15" pin="1"/>
      <node ref="C27" pin="2"/>
      <node ref="R36" pin="1"/>
      <node ref="Q4" pin="2"/>
      <node ref="C26" pin="1"/>
      <node ref="C28" pin="1"/>
    </net>
    <net code="12" name="Net-(Q6-Pad3)">
      <node ref="R50" pin="2"/>
      <node ref="Q6" pin="3"/>
    </net>
    <net code="13" name="SDO">
      <node ref="R19" pin="1"/>
      <node ref="U3" pin="52"/>
    </net>
    <net code="14" name="UTIL_CS1">
      <node ref="U10" pin="1"/>
      <node ref="U3" pin="53"/>
      <node ref="R43" pin="1"/>
    </net>
    <net code="15" name="UTIL_WP1">
      <node ref="R42" pin="1"/>
      <node ref="U3" pin="55"/>
      <node ref="U10" pin="3"/>
    </net>
    <net code="16" name="SDI">
      <node ref="R18" pin="1"/>
      <node ref="U3" pin="51"/>
    </net>
    <net code="17" name="SCK">
      <node ref="U3" pin="50"/>
      <node ref="R21" pin="1"/>
    </net>
    <net code="18" name="Net-(C8-Pad2)">
      <node ref="U3" pin="56"/>
      <node ref="C8" pin="2"/>
    </net>
    <net code="19" name="+3V3">
      <node ref="R2" pin="2"/>
      <node ref="C10" pin="1"/>
      <node ref="P1" pin="2"/>
      <node ref="U3" pin="38"/>
      <node ref="C22" pin="1"/>
      <node ref="U3" pin="19"/>
      <node ref="U8" pin="1"/>
      <node ref="C7" pin="1"/>
      <node ref="C12" pin="1"/>
      <node ref="U3" pin="35"/>
      <node ref="C21" pin="1"/>
      <node ref="U3" pin="10"/>
      <node ref="U3" pin="10"/>
      <node ref="U3" pin="10"/>
      <node ref="U3" pin="10"/>
      <node ref="U3" pin="10"/>
      <node ref="U10" pin="8"/>
      <node ref="U10" pin="7"/>
      <node ref="U7" pin="1"/>
      <node ref="C4" pin="1"/>
      <node ref="U6" pin="1"/>
      <node ref="C20" pin="1"/>
      <node ref="C3" pin="1"/>
      <node ref="U11" pin="7"/>
      <node ref="U11" pin="8"/>
      <node ref="R43" pin="2"/>
      <node ref="R11" pin="1"/>
      <node ref="C2" pin="2"/>
      <node ref="C32" pin="1"/>
      <node ref="U1" pin="8"/>
      <node ref="U1" pin="7"/>
      <node ref="U3" pin="26"/>
      <node ref="U3" pin="10"/>
      <node ref="R10" pin="1"/>
      <node ref="R5" pin="1"/>
      <node ref="U3" pin="57"/>
      <node ref="U3" pin="10"/>
      <node ref="C33" pin="1"/>
      <node ref="R9" pin="1"/>
      <node ref="C9" pin="1"/>
      <node ref="R44" pin="2"/>
    </net>
    <net code="20" name="5V_USB_ON">
      <node ref="R1" pin="2"/>
      <node ref="U3" pin="59"/>
    </net>
    <net code="21" name="Net-(U3-Pad31)">
      <node ref="U3" pin="31"/>
    </net>
    <net code="22" name="Net-(U3-Pad30)">
      <node ref="U3" pin="30"/>
    </net>
    <net code="23" name="Net-(U3-Pad29)">
      <node ref="U3" pin="29"/>
    </net>
    <net code="24" name="Net-(U3-Pad28)">
      <node ref="U3" pin="28"/>
    </net>
    <net code="25" name="Net-(U3-Pad43)">
      <node ref="U3" pin="43"/>
    </net>
    <net code="26" name="Net-(U3-Pad44)">
      <node ref="U3" pin="44"/>
    </net>
    <net code="27" name="Net-(U3-Pad47)">
      <node ref="U3" pin="47"/>
    </net>
    <net code="28" name="Net-(U3-Pad48)">
      <node ref="U3" pin="48"/>
    </net>
    <net code="29" name="CLK_EN">
      <node ref="U8" pin="5"/>
      <node ref="U3" pin="60"/>
    </net>
    <net code="30" name="DATA_EN">
      <node ref="U3" pin="61"/>
      <node ref="U7" pin="5"/>
    </net>
    <net code="31" name="LVP_EN">
      <node ref="U3" pin="62"/>
      <node ref="U6" pin="5"/>
    </net>
    <net code="32" name="SUPPLY_PWR">
      <node ref="U3" pin="63"/>
      <node ref="U4" pin="3"/>
      <node ref="R15" pin="2"/>
    </net>
    <net code="33" name="5V_USB_GOOD">
      <node ref="R8" pin="1"/>
      <node ref="R7" pin="2"/>
      <node ref="U3" pin="64"/>
    </net>
    <net code="34" name="Net-(Q7-Pad1)">
      <node ref="R50" pin="1"/>
      <node ref="Q7" pin="1"/>
      <node ref="R49" pin="2"/>
    </net>
    <net code="35" name="Net-(U3-Pad49)">
      <node ref="U3" pin="49"/>
    </net>
    <net code="36" name="Net-(U3-Pad54)">
      <node ref="U3" pin="54"/>
    </net>
    <net code="37" name="VPP_TAR">
      <node ref="R51" pin="1"/>
      <node ref="P3" pin="1"/>
      <node ref="Q7" pin="3"/>
    </net>
    <net code="38" name="Net-(C18-Pad1)">
      <node ref="D6" pin="2"/>
      <node ref="C18" pin="1"/>
      <node ref="U4" pin="7"/>
      <node ref="U4" pin="6"/>
    </net>
    <net code="39" name="Net-(R16-Pad1)">
      <node ref="R16" pin="1"/>
      <node ref="U4" pin="5"/>
    </net>
    <net code="40" name="Net-(U4-Pad8)">
      <node ref="U4" pin="8"/>
    </net>
    <net code="41" name="Net-(C5-Pad1)">
      <node ref="U1" pin="6"/>
      <node ref="C5" pin="1"/>
    </net>
    <net code="42" name="Net-(Q3-Pad1)">
      <node ref="Q3" pin="1"/>
      <node ref="R37" pin="2"/>
    </net>
    <net code="43" name="NVDD_GND">
      <node ref="U3" pin="3"/>
      <node ref="U3" pin="3"/>
      <node ref="U3" pin="3"/>
      <node ref="R37" pin="1"/>
      <node ref="U3" pin="3"/>
      <node ref="U3" pin="3"/>
      <node ref="U3" pin="3"/>
      <node ref="U3" pin="3"/>
    </net>
    <net code="44" name="Net-(Q3-Pad3)">
      <node ref="R31" pin="1"/>
      <node ref="Q3" pin="3"/>
    </net>
    <net code="45" name="GND">
      <node ref="R12" pin="1"/>
      <node ref="R13" pin="1"/>
      <node ref="D7" pin="2"/>
      <node ref="U7" pin="2"/>
      <node ref="U10" pin="4"/>
      <node ref="C23" pin="2"/>
      <node ref="R34" pin="2"/>
      <node ref="U5" pin="3"/>
      <node ref="R14" pin="1"/>
      <node ref="D8" pin="2"/>
      <node ref="C20" pin="2"/>
      <node ref="P1" pin="3"/>
      <node ref="P2" pin="6"/>
      <node ref="P2" pin="5"/>
      <node ref="U4" pin="4"/>
      <node ref="U1" pin="4"/>
      <node ref="U2" pin="2"/>
      <node ref="D5" pin="1"/>
      <node ref="C9" pin="2"/>
      <node ref="C1" pin="2"/>
      <node ref="R10" pin="2"/>
      <node ref="D9" pin="2"/>
      <node ref="U8" pin="2"/>
      <node ref="R35" pin="2"/>
      <node ref="C22" pin="2"/>
      <node ref="C25" pin="2"/>
      <node ref="C7" pin="2"/>
      <node ref="C5" pin="2"/>
      <node ref="U3" pin="41"/>
      <node ref="U3" pin="20"/>
      <node ref="U3" pin="25"/>
      <node ref="U3" pin="9"/>
      <node ref="U3" pin="9"/>
      <node ref="U3" pin="9"/>
      <node ref="U3" pin="9"/>
      <node ref="U3" pin="9"/>
      <node ref="U3" pin="9"/>
      <node ref="U3" pin="9"/>
      <node ref="C21" pin="2"/>
      <node ref="R39" pin="2"/>
      <node ref="R33" pin="2"/>
      <node ref="U6" pin="2"/>
      <node ref="P3" pin="3"/>
      <node ref="R42" pin="2"/>
      <node ref="C32" pin="2"/>
      <node ref="R8" pin="2"/>
      <node ref="C15" pin="2"/>
      <node ref="C6" pin="2"/>
      <node ref="C17" pin="2"/>
      <node ref="U11" pin="4"/>
      <node ref="C24" pin="2"/>
      <node ref="Q1" pin="2"/>
      <node ref="Q2" pin="2"/>
      <node ref="Q5" pin="2"/>
      <node ref="C16" pin="1"/>
      <node ref="C13" pin="1"/>
      <node ref="C12" pin="2"/>
      <node ref="Q8" pin="2"/>
      <node ref="Q6" pin="2"/>
      <node ref="U9" pin="4"/>
      <node ref="R24" pin="2"/>
      <node ref="R41" pin="2"/>
      <node ref="C33" pin="2"/>
      <node ref="C2" pin="1"/>
      <node ref="C26" pin="2"/>
      <node ref="R46" pin="2"/>
      <node ref="C30" pin="2"/>
      <node ref="C29" pin="2"/>
      <node ref="C31" pin="2"/>
      <node ref="C19" pin="2"/>
      <node ref="C27" pin="1"/>
      <node ref="C28" pin="2"/>
      <node ref="R36" pin="2"/>
      <node ref="R38" pin="1"/>
      <node ref="R16" pin="2"/>
      <node ref="R22" pin="1"/>
      <node ref="R27" pin="2"/>
      <node ref="C14" pin="2"/>
      <node ref="C18" pin="2"/>
      <node ref="C8" pin="1"/>
      <node ref="SW1" pin="2"/>
      <node ref="C11" pin="2"/>
      <node ref="C10" pin="2"/>
      <node ref="C4" pin="2"/>
      <node ref="C3" pin="2"/>
    </net>
    <net code="46" name="Net-(Q4-Pad1)">
      <node ref="R32" pin="2"/>
      <node ref="Q4" pin="1"/>
    </net>
    <net code="47" name="Net-(R32-Pad1)">
      <node ref="R32" pin="1"/>
      <node ref="U9" pin="6"/>
    </net>
    <net code="48" name="VDD_PUMP">
      <node ref="U3" pin="12"/>
      <node ref="R17" pin="1"/>
      <node ref="U3" pin="12"/>
      <node ref="U3" pin="12"/>
      <node ref="U3" pin="12"/>
      <node ref="U3" pin="12"/>
      <node ref="U3" pin="12"/>
      <node ref="U3" pin="12"/>
    </net>
    <net code="49" name="Net-(C19-Pad1)">
      <node ref="R17" pin="2"/>
      <node ref="C19" pin="1"/>
      <node ref="U9" pin="2"/>
    </net>
    <net code="50" name="Net-(R23-Pad2)">
      <node ref="R23" pin="2"/>
      <node ref="R24" pin="1"/>
      <node ref="U9" pin="3"/>
    </net>
    <net code="51" name="Net-(Q2-Pad1)">
      <node ref="R27" pin="1"/>
      <node ref="Q2" pin="1"/>
      <node ref="R31" pin="2"/>
    </net>
    <net code="52" name="Net-(Q2-Pad3)">
      <node ref="Q2" pin="3"/>
      <node ref="R26" pin="1"/>
    </net>
    <net code="53" name="VDD_FBACK">
      <node ref="U3" pin="14"/>
      <node ref="U3" pin="14"/>
      <node ref="U3" pin="14"/>
      <node ref="U3" pin="14"/>
      <node ref="U3" pin="14"/>
      <node ref="U3" pin="14"/>
      <node ref="U3" pin="14"/>
      <node ref="R22" pin="2"/>
      <node ref="R25" pin="2"/>
    </net>
    <net code="54" name="VDD_TAR">
      <node ref="R39" pin="1"/>
      <node ref="D6" pin="1"/>
      <node ref="R30" pin="2"/>
      <node ref="P3" pin="2"/>
      <node ref="R26" pin="2"/>
      <node ref="R25" pin="1"/>
      <node ref="R29" pin="2"/>
      <node ref="R28" pin="2"/>
    </net>
    <net code="55" name="VDD_INT">
      <node ref="R23" pin="1"/>
      <node ref="Q3" pin="2"/>
      <node ref="C30" pin="1"/>
      <node ref="L1" pin="1"/>
      <node ref="C29" pin="1"/>
      <node ref="R38" pin="2"/>
      <node ref="Q4" pin="3"/>
      <node ref="U4" pin="2"/>
      <node ref="C14" pin="1"/>
      <node ref="U4" pin="1"/>
      <node ref="R15" pin="1"/>
    </net>
    <net code="56" name="Net-(U9-Pad8)">
      <node ref="U9" pin="8"/>
    </net>
    <net code="57" name="Net-(U9-Pad5)">
      <node ref="U9" pin="5"/>
    </net>
    <net code="58" name="Net-(U3-Pad32)">
      <node ref="U3" pin="32"/>
    </net>
    <net code="59" name="Net-(U9-Pad1)">
      <node ref="U9" pin="1"/>
    </net>
    <net code="60" name="Net-(Q1-Pad1)">
      <node ref="Q1" pin="1"/>
      <node ref="R1" pin="1"/>
    </net>
    <net code="61" name="UTIL_SDO">
      <node ref="U10" pin="5"/>
      <node ref="U11" pin="5"/>
      <node ref="U3" pin="46"/>
    </net>
    <net code="62" name="UTIL_SDI">
      <node ref="U3" pin="45"/>
      <node ref="U10" pin="2"/>
      <node ref="U11" pin="2"/>
    </net>
    <net code="63" name="Net-(P2-Pad4)">
      <node ref="P2" pin="4"/>
    </net>
    <net code="64" name="Net-(C16-Pad2)">
      <node ref="U3" pin="39"/>
      <node ref="C16" pin="2"/>
      <node ref="Y1" pin="2"/>
    </net>
    <net code="65" name="Net-(C13-Pad2)">
      <node ref="Y1" pin="1"/>
      <node ref="C13" pin="2"/>
      <node ref="U3" pin="40"/>
    </net>
    <net code="66" name="VBUS">
      <node ref="C1" pin="1"/>
      <node ref="U1" pin="1"/>
      <node ref="P2" pin="1"/>
      <node ref="U2" pin="1"/>
      <node ref="R3" pin="2"/>
    </net>
    <net code="67" name="VBUS_DEVICE">
      <node ref="D1" pin="1"/>
      <node ref="U3" pin="34"/>
    </net>
    <net code="68" name="LVP">
      <node ref="U3" pin="33"/>
      <node ref="R20" pin="1"/>
    </net>
    <net code="69" name="UTIL_SCK">
      <node ref="U10" pin="6"/>
      <node ref="U3" pin="42"/>
      <node ref="U11" pin="6"/>
    </net>
    <net code="70" name="Net-(P2-Pad3)">
      <node ref="P2" pin="3"/>
      <node ref="U3" pin="37"/>
    </net>
    <net code="71" name="Net-(P2-Pad2)">
      <node ref="P2" pin="2"/>
      <node ref="U3" pin="36"/>
    </net>
    <net code="72" name="UTIL_CS2">
      <node ref="U3" pin="8"/>
      <node ref="U11" pin="1"/>
      <node ref="R44" pin="1"/>
      <node ref="U3" pin="8"/>
      <node ref="U3" pin="8"/>
      <node ref="U3" pin="8"/>
      <node ref="U3" pin="8"/>
      <node ref="U3" pin="8"/>
      <node ref="U3" pin="8"/>
    </net>
    <net code="73" name="UTIL_WP2">
      <node ref="U11" pin="3"/>
      <node ref="R41" pin="1"/>
      <node ref="U3" pin="58"/>
    </net>
    <net code="74" name="Net-(P1-Pad5)">
      <node ref="P1" pin="5"/>
      <node ref="U3" pin="17"/>
    </net>
    <net code="75" name="Net-(P1-Pad4)">
      <node ref="U3" pin="18"/>
      <node ref="P1" pin="4"/>
    </net>
    <net code="76" name="POWER_GOOD">
      <node ref="U3" pin="27"/>
      <node ref="U1" pin="5"/>
      <node ref="R5" pin="2"/>
    </net>
    <net code="77" name="VREF_2V5">
      <node ref="C17" pin="1"/>
      <node ref="U5" pin="2"/>
      <node ref="U3" pin="16"/>
      <node ref="U3" pin="16"/>
      <node ref="U3" pin="16"/>
      <node ref="U3" pin="16"/>
      <node ref="U3" pin="16"/>
      <node ref="U3" pin="16"/>
      <node ref="U3" pin="16"/>
    </net>
    <net code="78" name="Net-(U3-Pad15)">
      <node ref="U3" pin="15"/>
      <node ref="U3" pin="15"/>
      <node ref="U3" pin="15"/>
      <node ref="U3" pin="15"/>
      <node ref="U3" pin="15"/>
      <node ref="U3" pin="15"/>
      <node ref="U3" pin="15"/>
    </net>
    <net code="79" name="Net-(U3-Pad6)">
      <node ref="U3" pin="6"/>
      <node ref="U3" pin="6"/>
      <node ref="U3" pin="6"/>
      <node ref="U3" pin="6"/>
      <node ref="U3" pin="6"/>
      <node ref="U3" pin="6"/>
      <node ref="U3" pin="6"/>
    </net>
    <net code="80" name="Net-(U3-Pad5)">
      <node ref="U3" pin="5"/>
      <node ref="U3" pin="5"/>
      <node ref="U3" pin="5"/>
      <node ref="U3" pin="5"/>
      <node ref="U3" pin="5"/>
      <node ref="U3" pin="5"/>
      <node ref="U3" pin="5"/>
    </net>
    <net code="81" name="Net-(U3-Pad4)">
      <node ref="U3" pin="4"/>
      <node ref="U3" pin="4"/>
      <node ref="U3" pin="4"/>
      <node ref="U3" pin="4"/>
      <node ref="U3" pin="4"/>
      <node ref="U3" pin="4"/>
      <node ref="U3" pin="4"/>
    </net>
    <net code="82" name="Net-(P1-Pad1)">
      <node ref="R4" pin="2"/>
      <node ref="P1" pin="1"/>
      <node ref="R2" pin="1"/>
    </net>
    <net code="83" name="Net-(P1-Pad6)">
      <node ref="P1" pin="6"/>
    </net>
    <net code="84" name="Net-(R4-Pad1)">
      <node ref="U3" pin="7"/>
      <node ref="U3" pin="7"/>
      <node ref="U3" pin="7"/>
      <node ref="U3" pin="7"/>
      <node ref="R4" pin="1"/>
      <node ref="U3" pin="7"/>
      <node ref="U3" pin="7"/>
      <node ref="U3" pin="7"/>
    </net>
    <net code="85" name="Net-(C11-Pad1)">
      <node ref="R6" pin="1"/>
      <node ref="C11" pin="1"/>
      <node ref="R9" pin="2"/>
      <node ref="SW1" pin="1"/>
    </net>
    <net code="86" name="Net-(R6-Pad2)">
      <node ref="R6" pin="2"/>
      <node ref="U3" pin="21"/>
    </net>
    <net code="87" name="Net-(D2-Pad1)">
      <node ref="D2" pin="1"/>
      <node ref="R13" pin="2"/>
    </net>
    <net code="88" name="Net-(D4-Pad1)">
      <node ref="R12" pin="2"/>
      <node ref="D4" pin="1"/>
    </net>
    <net code="89" name="Net-(D2-Pad2)">
      <node ref="U3" pin="23"/>
      <node ref="D2" pin="2"/>
    </net>
    <net code="90" name="Net-(D4-Pad2)">
      <node ref="D4" pin="2"/>
      <node ref="U3" pin="24"/>
    </net>
    <net code="91" name="Net-(D3-Pad1)">
      <node ref="D3" pin="1"/>
      <node ref="R14" pin="2"/>
    </net>
    <net code="92" name="Net-(D3-Pad2)">
      <node ref="U3" pin="22"/>
      <node ref="D3" pin="2"/>
    </net>
    <net code="93" name="Net-(U2-Pad4)">
      <node ref="U2" pin="4"/>
    </net>
    <net code="94" name="ICSP_LVP">
      <node ref="P3" pin="6"/>
      <node ref="VR1" pin="2"/>
    </net>
    <net code="95" name="Net-(C23-Pad1)">
      <node ref="C23" pin="1"/>
      <node ref="R28" pin="1"/>
      <node ref="U6" pin="6"/>
    </net>
    <net code="96" name="Net-(D7-Pad1)">
      <node ref="U6" pin="4"/>
      <node ref="R33" pin="1"/>
      <node ref="D7" pin="1"/>
      <node ref="VR1" pin="1"/>
    </net>
    <net code="97" name="ICSP_CLK">
      <node ref="P3" pin="5"/>
      <node ref="VR3" pin="2"/>
    </net>
    <net code="98" name="ICSP_DAT">
      <node ref="P3" pin="4"/>
      <node ref="VR2" pin="2"/>
    </net>
    <net code="99" name="Net-(R20-Pad2)">
      <node ref="U6" pin="3"/>
      <node ref="R20" pin="2"/>
    </net>
    <net code="100" name="Net-(Q1-Pad3)">
      <node ref="U2" pin="3"/>
      <node ref="Q1" pin="3"/>
      <node ref="R3" pin="1"/>
    </net>
    <net code="101" name="Net-(D5-Pad2)">
      <node ref="R11" pin="2"/>
      <node ref="D5" pin="2"/>
    </net>
    <net code="102" name="Net-(D1-Pad2)">
      <node ref="D1" pin="2"/>
      <node ref="U1" pin="3"/>
      <node ref="U1" pin="2"/>
    </net>
    <net code="103" name="Net-(R21-Pad2)">
      <node ref="U8" pin="3"/>
      <node ref="R21" pin="2"/>
    </net>
    <net code="104" name="Net-(C25-Pad1)">
      <node ref="C25" pin="1"/>
      <node ref="U8" pin="6"/>
      <node ref="R30" pin="1"/>
    </net>
    <net code="105" name="Net-(D9-Pad1)">
      <node ref="U8" pin="4"/>
      <node ref="D9" pin="1"/>
      <node ref="R35" pin="1"/>
      <node ref="VR3" pin="1"/>
    </net>
    <net code="106" name="Net-(R18-Pad2)">
      <node ref="R19" pin="2"/>
      <node ref="U7" pin="3"/>
      <node ref="R18" pin="2"/>
    </net>
    <net code="107" name="Net-(D8-Pad1)">
      <node ref="D8" pin="1"/>
      <node ref="U7" pin="4"/>
      <node ref="VR2" pin="1"/>
      <node ref="R34" pin="1"/>
    </net>
    <net code="108" name="Net-(C24-Pad1)">
      <node ref="C24" pin="1"/>
      <node ref="U7" pin="6"/>
      <node ref="R29" pin="1"/>
    </net>
  </nets>
</export>
