Reference, Value,Part,Footprint,,Notes,
R6,33,311-33.0CRCT-ND,R_0805_HandSoldering,,,
R28,100,311-100CRCT-ND,R_0805_HandSoldering,,,
R29,100,311-100CRCT-ND,R_0805_HandSoldering,,,
R30,100,311-100CRCT-ND,R_0805_HandSoldering,,,
R32,100,311-100CRCT-ND,R_0805_HandSoldering,,,
R51,100,311-100CRCT-ND,R_0805_HandSoldering,,,
R11,330,311-330CRCT-ND,R_0805_HandSoldering,,,
R18,330,311-330CRCT-ND,R_0805_HandSoldering,,,
R19,330,311-330CRCT-ND,R_0805_HandSoldering,,,
R20,330,311-330CRCT-ND,R_0805_HandSoldering,,,
R21,330,311-330CRCT-ND,R_0805_HandSoldering,,,
R4,330,311-330CRCT-ND,R_0805_HandSoldering,,,
R12,470,311-470CRCT-ND,R_0805_HandSoldering,,,
R13,470,311-470CRCT-ND,R_0805_HandSoldering,,,
R14,470,311-470CRCT-ND,R_0805_HandSoldering,,,
R49,100K,311-100KCRCT-ND,R_0805_HandSoldering,,,
C10,100n,1276-1003-1-ND,C_0805_HandSoldering,,,
C11,100n,1276-1003-1-ND,C_0805_HandSoldering,,,
C12,100n,1276-1003-1-ND,C_0805_HandSoldering,,,
C15,100n,1276-1003-1-ND,C_0805_HandSoldering,,,
C18,100n,1276-1003-1-ND,C_0805_HandSoldering,,,
C19,100n,1276-1003-1-ND,C_0805_HandSoldering,,,
C2,100n,1276-1003-1-ND,C_0805_HandSoldering,,,
C20,100n,1276-1003-1-ND,C_0805_HandSoldering,,,
C21,100n,1276-1003-1-ND,C_0805_HandSoldering,,,
C22,100n,1276-1003-1-ND,C_0805_HandSoldering,,,
C23,100n,1276-1003-1-ND,C_0805_HandSoldering,,,
C24,100n,1276-1003-1-ND,C_0805_HandSoldering,,,
C25,100n,1276-1003-1-ND,C_0805_HandSoldering,,,
C27,100n,1276-1003-1-ND,C_0805_HandSoldering,,,
C28,100n,1276-1003-1-ND,C_0805_HandSoldering,,,
C30,100n,1276-1003-1-ND,C_0805_HandSoldering,,,
C32,100n,1276-1003-1-ND,C_0805_HandSoldering,,,
C33,100n,1276-1003-1-ND,C_0805_HandSoldering,,,
C4,100n,1276-1003-1-ND,C_0805_HandSoldering,,,
C5,100n,1276-1003-1-ND,C_0805_HandSoldering,,,
R15,10k,311-10.0KCRCT-ND,R_0805_HandSoldering,,,
R17,10k,311-10.0KCRCT-ND,R_0805_HandSoldering,,,
R2,10K,311-10.0KCRCT-ND,R_0805_HandSoldering,,,
R23,10k,311-10.0KCRCT-ND,R_0805_HandSoldering,,,
R24,10k,311-10.0KCRCT-ND,R_0805_HandSoldering,,,
R3,10k,311-10.0KCRCT-ND,R_0805_HandSoldering,,,
R31,10K,311-10.0KCRCT-ND,R_0805_HandSoldering,,,
R37,10K,311-10.0KCRCT-ND,R_0805_HandSoldering,,,
R38,10k,311-10.0KCRCT-ND,R_0805_HandSoldering,,,
R43,10K,311-10.0KCRCT-ND,R_0805_HandSoldering,,,
R44,10K,311-10.0KCRCT-ND,R_0805_HandSoldering,,,
R45,10K,311-10.0KCRCT-ND,R_0805_HandSoldering,,,
R47,10K,311-10.0KCRCT-ND,R_0805_HandSoldering,,,
R48,10K,311-10.0KCRCT-ND,R_0805_HandSoldering,,,
R50,10K,311-10.0KCRCT-ND,R_0805_HandSoldering,,,
R9,10K,311-10.0KCRCT-ND,R_0805_HandSoldering,,,
C7,10n,1276-2434-1-ND,C_0805_HandSoldering,,,
C26,10uF,399-8333-1-ND,TantalC_SizeC_EIA-6032,,tantalum,
C29,10uF,399-8333-1-ND,TantalC_SizeC_EIA-6032,,tantalum,
C8,10uF,399-8333-1-ND,TantalC_SizeC_EIA-6032,,tantalum,
Y1,12MHz,XC1770CT-ND,Crystal_HC49-SD_SMD,,,
R1,1k,311-1.00KCRCT-ND,R_0805_HandSoldering,,,
R26,1K,311-1.00KCRCT-ND,R_0805_HandSoldering,,,
R39,1k,311-1.00KCRCT-ND,R_0805_HandSoldering,,,
R40,1K,311-1.00KCRCT-ND,R_0805_HandSoldering,,,
R41,1K,311-1.00KCRCT-ND,R_0805_HandSoldering,,,
R42,1K,311-1.00KCRCT-ND,R_0805_HandSoldering,,,
C14,1u,1276-2926-1-ND,C_0805_HandSoldering,,,
C3,1u,1276-2926-1-ND,C_0805_HandSoldering,,,
R5,200K,311-200KCRCT-ND,R_0805_HandSoldering,,,
C13,22p,399-9190-1-ND,C_0805_HandSoldering,,,
C16,22p,399-9190-1-ND,C_0805_HandSoldering,,,
U10,25LC256,25LC256-I/SN-ND,SOIC-8_3.9 x 4.9,,,
R16,27K,311-27.0KCRCT-ND,R_0805_HandSoldering,,,
R7,2k 1%,311-2.00KCRCT-ND,R_0805_HandSoldering,,,
R8,2k 1%,311-2.00KCRCT-ND,R_0805_HandSoldering,,,
R10,2k2,311-2.20KCRCT-ND,R_0805_HandSoldering,,,
R22,2K2,311-2.20KCRCT-ND,R_0805_HandSoldering,,,
R46,2K2,311-2.20KCRCT-ND,R_0805_HandSoldering,,,
R36,2K7,311-2.70KCRCT-ND,R_0805_HandSoldering,,,
C1,2u2,399-3740-1-ND,TantalC_SizeC_EIA-6032,,tantalum,
C17,2u2,399-3740-1-ND,TantalC_SizeC_EIA-6032,,tantalum,
C9,2u2,478-9061-1-ND,TantalC_SizeB_EIA-3528,,tantalum,< 1 Ohm
R25,3K9,311-3.90KCRCT-ND,R_0805_HandSoldering,,,
R27,47K,311-47.0KCRCT-ND,R_0805_HandSoldering,,,
C31,47uF,399-3905-1-ND,TantalC_SizeD_EIA-7343,,tantalum,
R33,4K7,YAG1325CT-ND,R_0805_HandSoldering,,,
R34,4K7,YAG1325CT-ND,R_0805_HandSoldering,,,
R35,4K7,YAG1325CT-ND,R_0805_HandSoldering,,,
C6,4u7,1276-2972-1-ND,C_0805_HandSoldering,,ceramic,
VR1,50mA,MICROSMD005FCT-ND,R_1210_HandSoldering,MICROSMD005F,,
VR2,50mA,MICROSMD005FCT-ND,R_1210_HandSoldering,MICROSMD005F,,
VR3,50mA,MICROSMD005FCT-ND,R_1210_HandSoldering,MICROSMD005F,,
D7,5V Zener,568-6370-1-ND,SOD-123,,,
D8,5V Zener,568-6370-1-ND,SOD-123,,,
D9,5V Zener,568-6370-1-ND,SOD-123,,,
L1,680uH,495-2654-1-ND,R_1210_HandSoldering,,,
U6,74LVC1T45,296-16843-1-ND,SOT-23-6,,,
U7,74LVC1T45,296-16843-1-ND,SOT-23-6,,,
U8,74LVC1T45,296-16843-1-ND,SOT-23-6,,,
D10,BAT54,BAT54T1GOSCT-ND,SOD-123,,,
D3,BLUE (Orange),732-4982-1-ND,LED-0805,,,
P1,CONN_01X06,,Pin_Header_Straight_1x06,,,
P3,CONN_01X06,,Pin_Header_Straight_1x06,,,
D5,GREEN,732-4986-1-ND,LED-0805,,,
U2,LTC4411,LTC4411ES5#TRMPBFCT-ND,SOT-23-5,,,
U4,MAX893L,MAX893LESA+-ND,SOIC-8_3.9 x 4.9,,,
D1,MBR0520L,MBR0520LT1GOSCT-ND,SOD-123,,,
U5,MCP1525,MCP1525T-I/TTCT-ND,SOT-23,,,
U1,MCP1727,MCP1727-3302E/SN-ND,SOIC-8_3.9 x 4.9,,,
U9,MCP601_8PIN,MCP601-I/SN-ND,SOIC-8_3.9 x 4.9,,,
Q1,MMBT3904,MMBT3904FSCT-ND,SOT-23_HandSoldering,,,
Q2,MMBT3904,MMBT3904FSCT-ND,SOT-23_HandSoldering,,,
Q5,MMBT3904,MMBT3904FSCT-ND,SOT-23_HandSoldering,,,
Q6,MMBT3904,MMBT3904FSCT-ND,SOT-23_HandSoldering,,,
Q8,MMBT3904,MMBT3904FSCT-ND,SOT-23_HandSoldering,,,
Q3,MMBT3906,MMBT3906FSCT-ND,SOT-23_HandSoldering,,,
Q7,MMBT3906,MMBT3906FSCT-ND,SOT-23_HandSoldering,,,
U3,PIC24FJ256GB106,PIC24FJ256GB106-I/PT-ND,TQFP-64_10x10mm_Pitch0.5mm,,,
D6,PMEG3020,568-4129-1-ND,SOD-123,,,
Q4,PMV48XP,568-7579-1-ND,SOT-23_HandSoldering,,,
D4,RED,732-4984-1-ND,LED-0805,,,
U11,SST25VF040B,SST25VF040B-50-4I-SAF-ND,SOIC-8_3.9 x 4.9,,,
SW1,SW_PUSH,CKN9087CT-ND,SW_SPST_PTS645,,,
P2,USB_OTG,609-4700-1-ND,USB_Mini-B,,,
D2,YELLOW,732-4987-1-ND,LED-0805,,,
